[{"id":"user-image-mb-logo2.png","publicUrl":"np://user.desktop.nicepage.com/Site_1723503559/images/mb-logo2.png","size":1811,"hash":"F9/Soh/pVNiFn1Hv107TLDWa6P4=","fileName":"mb-logo2.png","name":"mb-logo2","width":468,"height":390,"thumbnail":{"url":"np://user.desktop.nicepage.com/Site_1723503559/images/thumbnails/mb-logo2.png","width":250,"height":208},"folderId":null,"usages":["54442580"]},{"id":"user-image-mcmodels-logo.png","publicUrl":"np://user.desktop.nicepage.com/Site_1723503559/images/mcmodels-logo.png","size":42489,"hash":"RNAHHSYiqw57AlfDNAUBASwT7/8=","fileName":"mcmodels-logo.png","name":"mcmodels-logo","width":1000,"height":1000,"thumbnail":{"url":"np://user.desktop.nicepage.com/Site_1723503559/images/thumbnails/mcmodels-logo.png","width":250,"height":250},"folderId":null,"usages":["54442580"]},{"id":"user-image-PROMO1.png","publicUrl":"np://user.desktop.nicepage.com/Site_1723503559/images/PROMO1.png","size":369544,"hash":"9dnL0C6aNilzon0vjlQJDbY+mJ8=","fileName":"PROMO1.png","name":"PROMO1","width":904,"height":904,"thumbnail":{"url":"np://user.desktop.nicepage.com/Site_1723503559/images/thumbnails/PROMO1.png","width":250,"height":250},"folderId":null,"usages":["54442580"]},{"id":"user-image-promo4.png","publicUrl":"np://user.desktop.nicepage.com/Site_1723503559/images/promo4.png","size":256960,"hash":"KxOAmA8OOZ2M0CXUSwBZlZo53dI=","fileName":"promo4.png","name":"promo4","width":700,"height":700,"thumbnail":{"url":"np://user.desktop.nicepage.com/Site_1723503559/images/thumbnails/promo4.png","width":250,"height":250},"folderId":null,"usages":["54442580"]},{"id":"user-image-promo3.png","publicUrl":"np://user.desktop.nicepage.com/Site_1723503559/images/promo3.png","size":221318,"hash":"QrusNNX2miv/f3wz+BVsdVb1fmE=","fileName":"promo3.png","name":"promo3","width":700,"height":700,"thumbnail":{"url":"np://user.desktop.nicepage.com/Site_1723503559/images/thumbnails/promo3.png","width":250,"height":250},"folderId":null,"usages":["54442580"]},{"id":"user-image-logoBW.png","publicUrl":"np://user.desktop.nicepage.com/Site_1723503559/images/logoBW.png","size":264695,"hash":"wLgd0BH90FGi/4sOTkv+LBhkDV0=","fileName":"logoBW.png","name":"logoBW","width":1562,"height":1562,"thumbnail":{"url":"np://user.desktop.nicepage.com/Site_1723503559/images/thumbnails/logoBW.png","width":250,"height":250},"folderId":null,"usages":[]}]